,date,species,sowtype,repeated,IDtime,NOtime,density,number,rootDW,stemDW,leafDW
1,20231221,Corn,Monoculture,1,1,7,Low,180,0.1646,0.0251,0.0274
2,20231221,Corn,Monoculture,1,1,7,Low,180,0.2133,0.0205,0.0153
3,20231221,Corn,Monoculture,1,1,7,Low,180,0.2178,0.0245,0.0241
4,20231221,Corn,Monoculture,1,1,7,Low,180,0.1372,0.0235,0.022
5,20231221,Corn,Monoculture,1,1,7,Low,180,0.1704,0.0296,0.0433
6,20231221,Corn,Monoculture,1,1,7,Low,180,0.2724,0.0237,0.0194
7,20231221,Corn,Monoculture,1,1,7,Low,180,0.2256,0.0254,0.0288
8,20231221,Corn,Monoculture,1,1,7,Low,180,0.2456,0.0185,0.015
9,20231221,Corn,Monoculture,1,1,7,Low,180,0.3146,0.0248,0.0304
10,20231221,Corn,Monoculture,1,1,7,Low,180,0.2075,0.0197,0.0306
11,20231221,Corn,Monoculture,2,1,7,Low,180,0.2408,0.025,0.0247
12,20231221,Corn,Monoculture,2,1,7,Low,180,0.2017,0.0212,0.0175
13,20231221,Corn,Monoculture,2,1,7,Low,180,0.1314,0.0213,0.0185
14,20231221,Corn,Monoculture,2,1,7,Low,180,0.2041,0.023,0.0285
15,20231221,Corn,Monoculture,2,1,7,Low,180,0.2709,0.0287,0.0296
16,20231221,Corn,Monoculture,2,1,7,Low,180,0.1875,0.0167,0.0098
17,20231221,Corn,Monoculture,2,1,7,Low,180,0.1708,0.0284,0.03
18,20231221,Corn,Monoculture,2,1,7,Low,180,0.2232,0.0238,0.0242
19,20231221,Corn,Monoculture,2,1,7,Low,180,0.1538,0.026,0.0232
20,20231221,Corn,Monoculture,2,1,7,Low,180,0.2225,0.0272,0.0279
21,20231221,Corn,Monoculture,3,1,7,Low,180,0.2195,0.0237,0.0231
22,20231221,Corn,Monoculture,3,1,7,Low,180,0.2676,0.0124,0.0133
23,20231221,Corn,Monoculture,3,1,7,Low,180,0.1884,0.0266,0.0171
24,20231221,Corn,Monoculture,3,1,7,Low,180,0.2488,0.0208,0.0118
25,20231221,Corn,Monoculture,3,1,7,Low,180,0.1764,0.0271,0.0255
26,20231221,Corn,Monoculture,3,1,7,Low,180,0.2762,0.0221,0.0153
27,20231221,Corn,Monoculture,3,1,7,Low,180,0.2006,0.0321,0.0273
28,20231221,Corn,Monoculture,3,1,7,Low,180,0.2313,0.0311,0.0322
29,20231221,Corn,Monoculture,3,1,7,Low,180,0.1402,0.0242,0.026
30,20231221,Corn,Monoculture,3,1,7,Low,180,0.2292,0.0236,0.0122
31,20231221,Corn,Monoculture,1,1,7,Middle,360,0.2617,0.0276,0.0182
32,20231221,Corn,Monoculture,1,1,7,Middle,360,0.2609,0.0274,0.0273
33,20231221,Corn,Monoculture,1,1,7,Middle,360,0.2329,0.0205,0.0151
34,20231221,Corn,Monoculture,1,1,7,Middle,360,0.2661,0.0239,0.0183
35,20231221,Corn,Monoculture,1,1,7,Middle,360,0.2539,0.023,0.0148
36,20231221,Corn,Monoculture,1,1,7,Middle,360,0.3191,0.0223,0.0095
37,20231221,Corn,Monoculture,1,1,7,Middle,360,0.2508,0.019,0.018
38,20231221,Corn,Monoculture,1,1,7,Middle,360,0.1666,0.0206,0.0217
39,20231221,Corn,Monoculture,1,1,7,Middle,360,0.2106,0.0273,0.021
40,20231221,Corn,Monoculture,1,1,7,Middle,360,0.2296,0.0245,0.0226
41,20231221,Corn,Monoculture,2,1,7,Middle,360,0.1843,0.026,0.0267
42,20231221,Corn,Monoculture,2,1,7,Middle,360,0.1979,0.0272,0.0342
43,20231221,Corn,Monoculture,2,1,7,Middle,360,0.2203,0.0256,0.0251
44,20231221,Corn,Monoculture,2,1,7,Middle,360,0.2078,0.0253,0.0345
45,20231221,Corn,Monoculture,2,1,7,Middle,360,0.2489,0.0284,0.026
46,20231221,Corn,Monoculture,2,1,7,Middle,360,0.2065,0.0264,0.0216
47,20231221,Corn,Monoculture,2,1,7,Middle,360,0.1741,0.0292,0.0243
48,20231221,Corn,Monoculture,2,1,7,Middle,360,0.1866,0.0329,0.0382
49,20231221,Corn,Monoculture,2,1,7,Middle,360,0.2486,0.0289,0.0316
50,20231221,Corn,Monoculture,2,1,7,Middle,360,0.024,0.0237,0.0243
51,20231221,Corn,Monoculture,3,1,7,Middle,360,0.2366,0.0176,0.0226
52,20231221,Corn,Monoculture,3,1,7,Middle,360,0.2043,0.0266,0.0166
53,20231221,Corn,Monoculture,3,1,7,Middle,360,0.2908,0.0132,0.0095
54,20231221,Corn,Monoculture,3,1,7,Middle,360,0.1627,0.0206,0.0229
55,20231221,Corn,Monoculture,3,1,7,Middle,360,0.205,0.0276,0.0202
56,20231221,Corn,Monoculture,3,1,7,Middle,360,0.1612,0.0233,0.0218
57,20231221,Corn,Monoculture,3,1,7,Middle,360,0.3027,0.0234,0.0169
58,20231221,Corn,Monoculture,3,1,7,Middle,360,0.1803,0.0254,0.0192
59,20231221,Corn,Monoculture,3,1,7,Middle,360,0.2226,0.0308,0.02
60,20231221,Corn,Monoculture,3,1,7,Middle,360,0.2605,0.0309,0.0219
61,20231221,Corn,Monoculture,1,1,7,High,810,0.0241,0.0379,0.0455
62,20231221,Corn,Monoculture,1,1,7,High,810,0.1837,0.0237,0.0178
63,20231221,Corn,Monoculture,1,1,7,High,810,0.216,0.0273,0.0317
64,20231221,Corn,Monoculture,1,1,7,High,810,0.1941,0.0273,0.0276
65,20231221,Corn,Monoculture,1,1,7,High,810,0.1742,0.0121,0.0115
66,20231221,Corn,Monoculture,1,1,7,High,810,0.1624,0.0353,0.0373
67,20231221,Corn,Monoculture,1,1,7,High,810,0.2183,0.0354,0.0417
68,20231221,Corn,Monoculture,1,1,7,High,810,0.1923,0.0365,0.0289
69,20231221,Corn,Monoculture,1,1,7,High,810,0.2211,0.0347,0.0301
70,20231221,Corn,Monoculture,1,1,7,High,810,0.1636,0.025,0.0269
71,20231221,Corn,Monoculture,2,1,7,High,810,0.161,0.0313,0.0337
72,20231221,Corn,Monoculture,2,1,7,High,810,0.2519,0.0301,0.0234
73,20231221,Corn,Monoculture,2,1,7,High,810,0.0223,0.0227,0.0306
74,20231221,Corn,Monoculture,2,1,7,High,810,0.2109,0.0282,0.0228
75,20231221,Corn,Monoculture,2,1,7,High,810,0.1347,0.0325,0.0241
76,20231221,Corn,Monoculture,2,1,7,High,810,0.1935,0.0323,0.0228
77,20231221,Corn,Monoculture,2,1,7,High,810,0.2229,0.0201,0.0192
78,20231221,Corn,Monoculture,2,1,7,High,810,0.1932,0.0175,0.0153
79,20231221,Corn,Monoculture,2,1,7,High,810,0.2399,0.0292,0.0201
80,20231221,Corn,Monoculture,2,1,7,High,810,0.1974,0.0139,0.0073
81,20231221,Corn,Monoculture,3,1,7,High,810,0.1962,0.0328,0.0252
82,20231221,Corn,Monoculture,3,1,7,High,810,0.21,0.0365,0.0231
83,20231221,Corn,Monoculture,3,1,7,High,810,0.2506,0.028,0.0194
84,20231221,Corn,Monoculture,3,1,7,High,810,0.0807,0.0205,0.0159
85,20231221,Corn,Monoculture,3,1,7,High,810,0.1675,0.032,0.0302
86,20231221,Corn,Monoculture,3,1,7,High,810,0.2498,0.0265,0.0181
87,20231221,Corn,Monoculture,3,1,7,High,810,0.1949,0.0314,0.0188
88,20231221,Corn,Monoculture,3,1,7,High,810,0.2217,0.0274,0.0228
89,20231221,Corn,Monoculture,3,1,7,High,810,0.2433,0.0236,0.0184
90,20231221,Corn,Monoculture,3,1,7,High,810,0.209,0.0299,0.0173
361,20231228,Corn,Monoculture,1,2,14,Low,165,0.108,0.0249,0.0364
362,20231228,Corn,Monoculture,1,2,14,Low,165,0.1387,0.0172,0.0282
363,20231228,Corn,Monoculture,1,2,14,Low,165,0.136,0.0072,0.0141
364,20231228,Corn,Monoculture,1,2,14,Low,165,0.0838,0.0246,0.0438
365,20231228,Corn,Monoculture,1,2,14,Low,165,0.1449,0.0351,0.0647
366,20231228,Corn,Monoculture,1,2,14,Low,165,0.0745,0.02,0.0414
367,20231228,Corn,Monoculture,1,2,14,Low,165,0.144,0.0252,0.0399
368,20231228,Corn,Monoculture,1,2,14,Low,165,0.1405,0.0277,0.0463
369,20231228,Corn,Monoculture,1,2,14,Low,165,0.1107,0.0276,0.0439
370,20231228,Corn,Monoculture,1,2,14,Low,165,0.12,0.0237,0.0416
371,20231228,Corn,Monoculture,2,2,14,Low,169,0.089,0.0234,0.0417
372,20231228,Corn,Monoculture,2,2,14,Low,169,0.2001,0.0354,0.0546
373,20231228,Corn,Monoculture,2,2,14,Low,169,0.166,0.0248,0.0386
374,20231228,Corn,Monoculture,2,2,14,Low,169,0.1313,0.0168,0.0224
375,20231228,Corn,Monoculture,2,2,14,Low,169,0.1022,0.024,0.0324
376,20231228,Corn,Monoculture,2,2,14,Low,169,0.1297,0.0209,0.0376
377,20231228,Corn,Monoculture,2,2,14,Low,169,0.1965,0.0327,0.0294
378,20231228,Corn,Monoculture,2,2,14,Low,169,0.2194,0.0115,0.0332
379,20231228,Corn,Monoculture,2,2,14,Low,169,0.1699,0.0419,0.0213
380,20231228,Corn,Monoculture,2,2,14,Low,169,0.1314,0.0208,0.0253
381,20231228,Corn,Monoculture,3,2,14,Low,170,0.1387,0.0208,0.0251
382,20231228,Corn,Monoculture,3,2,14,Low,170,0.1573,0.0193,0.0184
383,20231228,Corn,Monoculture,3,2,14,Low,170,0.1626,0.0279,0.0376
384,20231228,Corn,Monoculture,3,2,14,Low,170,0.17,0.0249,0.0198
385,20231228,Corn,Monoculture,3,2,14,Low,170,0.1678,0.0225,0.0395
386,20231228,Corn,Monoculture,3,2,14,Low,170,0.111,0.0255,0.0395
387,20231228,Corn,Monoculture,3,2,14,Low,170,0.1002,0.0285,0.0359
388,20231228,Corn,Monoculture,3,2,14,Low,170,0.2681,0.0209,0.021
389,20231228,Corn,Monoculture,3,2,14,Low,170,0.1063,0.0353,0.0453
390,20231228,Corn,Monoculture,3,2,14,Low,170,0.13,0.0327,0.0571
391,20231228,Corn,Monoculture,1,2,14,Middle,350,0.1206,0.0239,0.0368
392,20231228,Corn,Monoculture,1,2,14,Middle,350,0.1976,0.0292,0.0248
393,20231228,Corn,Monoculture,1,2,14,Middle,350,0.2963,0.0323,0.04
394,20231228,Corn,Monoculture,1,2,14,Middle,350,0.2251,0.0248,0.0351
395,20231228,Corn,Monoculture,1,2,14,Middle,350,0.1113,0.0254,0.0398
396,20231228,Corn,Monoculture,1,2,14,Middle,350,0.1249,0.0253,0.0376
397,20231228,Corn,Monoculture,1,2,14,Middle,350,0.2043,0.0239,0.0198
398,20231228,Corn,Monoculture,1,2,14,Middle,350,0.2023,0.02,0.033
399,20231228,Corn,Monoculture,1,2,14,Middle,350,0.171,0.029,0.0398
400,20231228,Corn,Monoculture,1,2,14,Middle,350,0.1174,0.0264,0.0484
401,20231228,Corn,Monoculture,2,2,14,Middle,347,0.1818,0.0159,0.0196
402,20231228,Corn,Monoculture,2,2,14,Middle,347,0.119,0.0255,0.0225
403,20231228,Corn,Monoculture,2,2,14,Middle,347,0.2055,0.0175,0.0196
404,20231228,Corn,Monoculture,2,2,14,Middle,347,0.3013,0.0266,0.0294
405,20231228,Corn,Monoculture,2,2,14,Middle,347,0.1229,0.0269,0.0306
406,20231228,Corn,Monoculture,2,2,14,Middle,347,0.147,0.0286,0.0417
407,20231228,Corn,Monoculture,2,2,14,Middle,347,0.0984,0.0278,0.0512
408,20231228,Corn,Monoculture,2,2,14,Middle,347,0.179,0.0332,0.0396
409,20231228,Corn,Monoculture,2,2,14,Middle,347,0.2022,0.0251,0.024
410,20231228,Corn,Monoculture,2,2,14,Middle,347,0.1378,0.029,0.0425
411,20231228,Corn,Monoculture,3,2,14,Middle,350,0.1924,0.0166,0.0178
412,20231228,Corn,Monoculture,3,2,14,Middle,350,0.1607,0.0192,0.0283
413,20231228,Corn,Monoculture,3,2,14,Middle,350,0.1753,0.0281,0.0284
414,20231228,Corn,Monoculture,3,2,14,Middle,350,0.2948,0.0212,0.0177
415,20231228,Corn,Monoculture,3,2,14,Middle,350,0.1645,0.0245,0.019
416,20231228,Corn,Monoculture,3,2,14,Middle,350,0.1174,0.0162,0.0152
417,20231228,Corn,Monoculture,3,2,14,Middle,350,0.1877,0.027,0.0273
418,20231228,Corn,Monoculture,3,2,14,Middle,350,0.247,0.014,0.0195
419,20231228,Corn,Monoculture,3,2,14,Middle,350,0.127,0.0216,0.0191
420,20231228,Corn,Monoculture,3,2,14,Middle,350,0.06,0.0279,0.0215
421,20231228,Corn,Monoculture,1,2,14,High,794,0.1379,0.0214,0.0265
422,20231228,Corn,Monoculture,1,2,14,High,794,0.3224,0.0158,0.0085
423,20231228,Corn,Monoculture,1,2,14,High,794,0.2061,0.0275,0.0285
424,20231228,Corn,Monoculture,1,2,14,High,794,0.3186,0.026,0.0214
425,20231228,Corn,Monoculture,1,2,14,High,794,0.1805,0.0377,0.0257
426,20231228,Corn,Monoculture,1,2,14,High,794,0.2023,0.0237,0.0221
427,20231228,Corn,Monoculture,1,2,14,High,794,0.2149,0.0299,0.0242
428,20231228,Corn,Monoculture,1,2,14,High,794,0.1495,0.0183,0.0203
429,20231228,Corn,Monoculture,1,2,14,High,794,0.1521,0.02,0.1316
430,20231228,Corn,Monoculture,1,2,14,High,794,0.2197,0.038,0.0352
431,20231228,Corn,Monoculture,2,2,14,High,798,0.1432,0.0203,0.0095
432,20231228,Corn,Monoculture,2,2,14,High,798,0.2395,0.0288,0.0206
433,20231228,Corn,Monoculture,2,2,14,High,798,0.1399,0.0218,0.0139
434,20231228,Corn,Monoculture,2,2,14,High,798,0.2353,0.0244,0.0175
435,20231228,Corn,Monoculture,2,2,14,High,798,0.1751,0.0283,0.0232
436,20231228,Corn,Monoculture,2,2,14,High,798,0.279,0.0289,0.0324
437,20231228,Corn,Monoculture,2,2,14,High,798,0.1703,0.0177,0.0171
438,20231228,Corn,Monoculture,2,2,14,High,798,0.1701,0.0121,0.02
439,20231228,Corn,Monoculture,2,2,14,High,798,0.2124,0.0273,0.0219
440,20231228,Corn,Monoculture,2,2,14,High,798,0.1995,0.0285,0.0229
441,20231228,Corn,Monoculture,3,2,14,High,798,0.14,0.0218,0.0196
442,20231228,Corn,Monoculture,3,2,14,High,798,0.2257,0.0247,0.0168
443,20231228,Corn,Monoculture,3,2,14,High,798,0.1573,0.0191,0.0121
444,20231228,Corn,Monoculture,3,2,14,High,798,0.1415,0.0252,0.02
445,20231228,Corn,Monoculture,3,2,14,High,798,0.1661,0.0142,0.0153
446,20231228,Corn,Monoculture,3,2,14,High,798,0.1833,0.0155,0.0149
447,20231228,Corn,Monoculture,3,2,14,High,798,0.1375,0.0267,0.019
448,20231228,Corn,Monoculture,3,2,14,High,798,0.1971,0.0167,0.0144
449,20231228,Corn,Monoculture,3,2,14,High,798,0.2773,0.0186,0.0221
450,20231228,Corn,Monoculture,3,2,14,High,798,0.026,0.0238,0.0261
721,20240104,Corn,Monoculture,1,3,21,Low,153,0.1227,0.0233,0.0593
722,20240104,Corn,Monoculture,1,3,21,Low,153,0.1035,0.0351,0.063
723,20240104,Corn,Monoculture,1,3,21,Low,153,0.1145,0.0295,0.0539
724,20240104,Corn,Monoculture,1,3,21,Low,153,0.1358,0.0266,0.0419
725,20240104,Corn,Monoculture,1,3,21,Low,153,0.1233,0.0296,0.0372
726,20240104,Corn,Monoculture,1,3,21,Low,153,0.1582,0.043,0.0609
727,20240104,Corn,Monoculture,1,3,21,Low,153,0.1304,0.0151,0.0251
728,20240104,Corn,Monoculture,1,3,21,Low,153,0.1139,0.0102,0.0161
729,20240104,Corn,Monoculture,1,3,21,Low,153,0.105,0.0289,0.0461
730,20240104,Corn,Monoculture,1,3,21,Low,153,0.0946,0.0219,0.0355
731,20240104,Corn,Monoculture,2,3,21,Low,158,0.1468,0.0213,0.0124
732,20240104,Corn,Monoculture,2,3,21,Low,158,0.0479,0.0166,0.0288
733,20240104,Corn,Monoculture,2,3,21,Low,158,0.1354,0.0254,0.0458
734,20240104,Corn,Monoculture,2,3,21,Low,158,0.0744,0.0199,0.0356
735,20240104,Corn,Monoculture,2,3,21,Low,158,0.142,0.0254,0.0322
736,20240104,Corn,Monoculture,2,3,21,Low,158,0.1075,0.022,0.0464
737,20240104,Corn,Monoculture,2,3,21,Low,158,0.1857,0.0301,0.0445
738,20240104,Corn,Monoculture,2,3,21,Low,158,0.1833,0.0302,0.045
739,20240104,Corn,Monoculture,2,3,21,Low,158,0.1413,0.0225,0.0397
740,20240104,Corn,Monoculture,2,3,21,Low,158,0.1382,0.0187,0.0326
741,20240104,Corn,Monoculture,3,3,21,Low,159,0.1113,0.0277,0.0402
742,20240104,Corn,Monoculture,3,3,21,Low,159,0.0717,0.0206,0.0283
743,20240104,Corn,Monoculture,3,3,21,Low,159,0.0973,0.0304,0.0371
744,20240104,Corn,Monoculture,3,3,21,Low,159,0.1315,0.0381,0.0496
745,20240104,Corn,Monoculture,3,3,21,Low,159,0.1758,0.0404,0.0384
746,20240104,Corn,Monoculture,3,3,21,Low,159,0.1447,0.0227,0.0211
747,20240104,Corn,Monoculture,3,3,21,Low,159,0.0787,0.0213,0.0388
748,20240104,Corn,Monoculture,3,3,21,Low,159,0.1208,0.0265,0.0461
749,20240104,Corn,Monoculture,3,3,21,Low,159,0.0879,0.0241,0.0353
750,20240104,Corn,Monoculture,3,3,21,Low,159,0.1036,0.0206,0.0366
751,20240104,Corn,Monoculture,1,3,21,Middle,339,0.1397,0.0272,0.0416
752,20240104,Corn,Monoculture,1,3,21,Middle,339,0.1226,0.0159,0.0258
753,20240104,Corn,Monoculture,1,3,21,Middle,339,0.1276,0.0262,0.048
754,20240104,Corn,Monoculture,1,3,21,Middle,339,0.1171,0.0209,0.023
755,20240104,Corn,Monoculture,1,3,21,Middle,339,0.0812,0.0201,0.0221
756,20240104,Corn,Monoculture,1,3,21,Middle,339,0.1621,0.0255,0.0294
757,20240104,Corn,Monoculture,1,3,21,Middle,339,0.1782,0.0138,0.0229
758,20240104,Corn,Monoculture,1,3,21,Middle,339,0.1098,0.0233,0.0367
759,20240104,Corn,Monoculture,1,3,21,Middle,339,0.1557,0.0209,0.0372
760,20240104,Corn,Monoculture,1,3,21,Middle,339,0.1282,0.0241,0.0337
761,20240104,Corn,Monoculture,2,3,21,Middle,336,0.1084,0.0242,0.0185
762,20240104,Corn,Monoculture,2,3,21,Middle,336,0.1399,0.0196,0.0201
763,20240104,Corn,Monoculture,2,3,21,Middle,336,0.1529,0.0115,0.0141
764,20240104,Corn,Monoculture,2,3,21,Middle,336,0.1367,0.0209,0.0148
765,20240104,Corn,Monoculture,2,3,21,Middle,336,0.1525,0.0098,0.0043
766,20240104,Corn,Monoculture,2,3,21,Middle,336,0.1063,0.0276,0.0368
767,20240104,Corn,Monoculture,2,3,21,Middle,336,0.1323,0.0313,0.0339
768,20240104,Corn,Monoculture,2,3,21,Middle,336,0.1181,0.0289,0.0417
769,20240104,Corn,Monoculture,2,3,21,Middle,336,0.0968,0.0164,0.0228
770,20240104,Corn,Monoculture,2,3,21,Middle,336,0.102,0.0158,0.0205
771,20240104,Corn,Monoculture,3,3,21,Middle,339,0.1705,0.0267,0.0116
772,20240104,Corn,Monoculture,3,3,21,Middle,339,0.1324,0.0131,0.0081
773,20240104,Corn,Monoculture,3,3,21,Middle,339,0.127,0.0308,0.0274
774,20240104,Corn,Monoculture,3,3,21,Middle,339,0.2467,0.0198,0.0134
775,20240104,Corn,Monoculture,3,3,21,Middle,339,0.1787,0.0193,0.0138
776,20240104,Corn,Monoculture,3,3,21,Middle,339,0.1226,0.0263,0.0272
777,20240104,Corn,Monoculture,3,3,21,Middle,339,0.1504,0.0165,0.0162
778,20240104,Corn,Monoculture,3,3,21,Middle,339,0.2225,0.0216,0.0192
779,20240104,Corn,Monoculture,3,3,21,Middle,339,0.1305,0.0142,0.0044
780,20240104,Corn,Monoculture,3,3,21,Middle,339,0.1738,0.0269,0.0206
781,20240104,Corn,Monoculture,1,3,21,High,782,0.1448,0.0243,0.0155
782,20240104,Corn,Monoculture,1,3,21,High,782,0.1725,0.0226,0.012
783,20240104,Corn,Monoculture,1,3,21,High,782,0.112,0.023,0.0276
784,20240104,Corn,Monoculture,1,3,21,High,782,0.1163,0.0242,0.0255
785,20240104,Corn,Monoculture,1,3,21,High,782,0.1182,0.0244,0.0188
786,20240104,Corn,Monoculture,1,3,21,High,782,0.1268,0.0254,0.0245
787,20240104,Corn,Monoculture,1,3,21,High,782,0.079,0.0208,0.0157
788,20240104,Corn,Monoculture,1,3,21,High,782,0.1635,0.0271,0.0292
789,20240104,Corn,Monoculture,1,3,21,High,782,0.1071,0.0287,0.0238
790,20240104,Corn,Monoculture,1,3,21,High,782,0.2148,0.0099,0.0081
791,20240104,Corn,Monoculture,2,3,21,High,786,0.2247,0.0133,0.0053
792,20240104,Corn,Monoculture,2,3,21,High,786,0.1761,0.0208,0.0098
793,20240104,Corn,Monoculture,2,3,21,High,786,0.1361,0.0285,0.0263
794,20240104,Corn,Monoculture,2,3,21,High,786,0.1405,0.0131,0.0079
795,20240104,Corn,Monoculture,2,3,21,High,786,0.1612,0.027,0.0319
796,20240104,Corn,Monoculture,2,3,21,High,786,0.1179,0.0218,0.0178
797,20240104,Corn,Monoculture,2,3,21,High,786,0.1978,0.0126,0.0099
798,20240104,Corn,Monoculture,2,3,21,High,786,0.1894,0.0252,0.015
799,20240104,Corn,Monoculture,2,3,21,High,786,0.1059,0.0158,0.0101
800,20240104,Corn,Monoculture,2,3,21,High,786,0.102,0.0262,0.0174
801,20240104,Corn,Monoculture,3,3,21,High,788,0.117,0.0085,0.0082
802,20240104,Corn,Monoculture,3,3,21,High,788,0.188,0.0293,0.0207
803,20240104,Corn,Monoculture,3,3,21,High,788,0.161,0.0239,0.0178
804,20240104,Corn,Monoculture,3,3,21,High,788,0.1387,0.0124,0.0136
805,20240104,Corn,Monoculture,3,3,21,High,788,0.1797,0.0189,0.0191
806,20240104,Corn,Monoculture,3,3,21,High,788,0.2241,0.0219,0.0195
807,20240104,Corn,Monoculture,3,3,21,High,788,0.1602,0.0289,0.022
808,20240104,Corn,Monoculture,3,3,21,High,788,0.1226,0.0244,0.0231
809,20240104,Corn,Monoculture,3,3,21,High,788,0.189,0.0233,0.022
810,20240104,Corn,Monoculture,3,3,21,High,788,0.1387,0.0191,0.0183
1081,20240111,Corn,Monoculture,1,4,28,Low,143,0.1516,0.022,0.0268
1082,20240111,Corn,Monoculture,1,4,28,Low,143,0.1647,0.0182,0.0333
1083,20240111,Corn,Monoculture,1,4,28,Low,143,0.1435,0.0195,0.0307
1084,20240111,Corn,Monoculture,1,4,28,Low,143,0.1092,0.0166,0.0379
1085,20240111,Corn,Monoculture,1,4,28,Low,143,0.1182,0.0229,0.0357
1086,20240111,Corn,Monoculture,1,4,28,Low,143,0.1285,0.0154,0.0092
1087,20240111,Corn,Monoculture,1,4,28,Low,143,0.1095,0.003,0.0441
1088,20240111,Corn,Monoculture,1,4,28,Low,143,0.0878,0.027,0.0449
1089,20240111,Corn,Monoculture,1,4,28,Low,143,0.1777,0.0123,0.0191
1090,20240111,Corn,Monoculture,1,4,28,Low,143,0.1166,0.028,0.04
1091,20240111,Corn,Monoculture,2,4,28,Low,148,0.0925,0.0143,0.018
1092,20240111,Corn,Monoculture,2,4,28,Low,148,0.105,0.0211,0.0476
1093,20240111,Corn,Monoculture,2,4,28,Low,148,0.073,0.0301,0.0534
1094,20240111,Corn,Monoculture,2,4,28,Low,148,0.1168,0.028,0.0382
1095,20240111,Corn,Monoculture,2,4,28,Low,148,0.1052,0.0214,0.0228
1096,20240111,Corn,Monoculture,2,4,28,Low,148,0.0961,0.0229,0.0382
1097,20240111,Corn,Monoculture,2,4,28,Low,148,0.0789,0.0225,0.0426
1098,20240111,Corn,Monoculture,2,4,28,Low,148,0.0895,0.0236,0.0379
1099,20240111,Corn,Monoculture,2,4,28,Low,148,0.092,0.0281,0.0387
1100,20240111,Corn,Monoculture,2,4,28,Low,148,0.0966,0.0225,0.0298
1101,20240111,Corn,Monoculture,3,4,28,Low,148,0.1263,0.0137,0.0132
1102,20240111,Corn,Monoculture,3,4,28,Low,148,0.1609,0.0173,0.0222
1103,20240111,Corn,Monoculture,3,4,28,Low,148,0.2272,0.0306,0.0394
1104,20240111,Corn,Monoculture,3,4,28,Low,148,0.1372,0.0266,0.0168
1105,20240111,Corn,Monoculture,3,4,28,Low,148,0.0809,0.0247,0.0574
1106,20240111,Corn,Monoculture,3,4,28,Low,148,0.1954,0.0255,0.0182
1107,20240111,Corn,Monoculture,3,4,28,Low,148,0.0994,0.0226,0.0248
1108,20240111,Corn,Monoculture,3,4,28,Low,148,0.074,0.0183,0.0496
1109,20240111,Corn,Monoculture,3,4,28,Low,148,0.111,0.0239,0.0263
1110,20240111,Corn,Monoculture,3,4,28,Low,148,0.0955,0.0288,0.0364
1111,20240111,Corn,Monoculture,1,4,28,Middle,328,0.1271,0.0212,0.0464
1112,20240111,Corn,Monoculture,1,4,28,Middle,328,0.1348,0.036,0.0366
1113,20240111,Corn,Monoculture,1,4,28,Middle,328,0.0839,0.026,0.0454
1114,20240111,Corn,Monoculture,1,4,28,Middle,328,0.0805,0.0228,0.0235
1115,20240111,Corn,Monoculture,1,4,28,Middle,328,0.0735,0.0184,0.0241
1116,20240111,Corn,Monoculture,1,4,28,Middle,328,0.1153,0.0206,0.0276
1117,20240111,Corn,Monoculture,1,4,28,Middle,328,0.1265,0.0287,0.0289
1118,20240111,Corn,Monoculture,1,4,28,Middle,328,0.0977,0.0238,0.022
1119,20240111,Corn,Monoculture,1,4,28,Middle,328,0.1056,0.0209,0.0351
1120,20240111,Corn,Monoculture,1,4,28,Middle,328,0.1224,0.0116,0.0294
1121,20240111,Corn,Monoculture,2,4,28,Middle,325,0.1231,0.0223,0.0178
1122,20240111,Corn,Monoculture,2,4,28,Middle,325,0.281,0.0203,0.0224
1123,20240111,Corn,Monoculture,2,4,28,Middle,325,0.104,0.0188,0.0386
1124,20240111,Corn,Monoculture,2,4,28,Middle,325,0.0633,0.0151,0.0166
1125,20240111,Corn,Monoculture,2,4,28,Middle,325,0.0559,0.0256,0.0329
1126,20240111,Corn,Monoculture,2,4,28,Middle,325,0.1026,0.0224,0.0384
1127,20240111,Corn,Monoculture,2,4,28,Middle,325,0.0965,0.0225,0.0413
1128,20240111,Corn,Monoculture,2,4,28,Middle,325,0.1124,0.0216,0.0301
1129,20240111,Corn,Monoculture,2,4,28,Middle,325,0.1052,0.0206,0.0336
1130,20240111,Corn,Monoculture,2,4,28,Middle,325,0.097,0.0217,0.0451
1131,20240111,Corn,Monoculture,3,4,28,Middle,328,0.2541,0.0141,0.0158
1132,20240111,Corn,Monoculture,3,4,28,Middle,328,0.1188,0.211,0.0375
1133,20240111,Corn,Monoculture,3,4,28,Middle,328,0.1935,0.328,0.0283
1134,20240111,Corn,Monoculture,3,4,28,Middle,328,0.1515,0.018,0.0259
1135,20240111,Corn,Monoculture,3,4,28,Middle,328,0.0857,0.0201,0.0265
1136,20240111,Corn,Monoculture,3,4,28,Middle,328,0.1245,0.0281,0.0209
1137,20240111,Corn,Monoculture,3,4,28,Middle,328,0.1672,0.0208,0.0217
1138,20240111,Corn,Monoculture,3,4,28,Middle,328,0.0974,0.02,0.0309
1139,20240111,Corn,Monoculture,3,4,28,Middle,328,0.1258,0.0224,0.0294
1140,20240111,Corn,Monoculture,3,4,28,Middle,328,0.1195,0.0225,0.0368
1141,20240111,Corn,Monoculture,1,4,28,High,770,0.1249,0.0266,0.0312
1142,20240111,Corn,Monoculture,1,4,28,High,770,0.0757,0.0269,0.0538
1143,20240111,Corn,Monoculture,1,4,28,High,770,0.1981,0.0266,0.0265
1144,20240111,Corn,Monoculture,1,4,28,High,770,0.1406,0.0137,0.0193
1145,20240111,Corn,Monoculture,1,4,28,High,770,0.0278,0.0195,0.0151
1146,20240111,Corn,Monoculture,1,4,28,High,770,0.0979,0.0361,0.0425
1147,20240111,Corn,Monoculture,1,4,28,High,770,0.0933,0.0246,0.0203
1148,20240111,Corn,Monoculture,1,4,28,High,770,0.0644,0.0209,0.0191
1149,20240111,Corn,Monoculture,1,4,28,High,770,0.1557,0.0173,0.0263
1150,20240111,Corn,Monoculture,1,4,28,High,770,0.1042,0.0248,0.0181
1151,20240111,Corn,Monoculture,2,4,28,High,776,0.1897,0.0209,0.0314
1152,20240111,Corn,Monoculture,2,4,28,High,776,0.1024,0.0235,0.0301
1153,20240111,Corn,Monoculture,2,4,28,High,776,0.1273,0.0213,0.0315
1154,20240111,Corn,Monoculture,2,4,28,High,776,0.1153,0.0153,0.0212
1155,20240111,Corn,Monoculture,2,4,28,High,776,0.1692,0.0289,0.0205
1156,20240111,Corn,Monoculture,2,4,28,High,776,0.1539,0.0257,0.0233
1157,20240111,Corn,Monoculture,2,4,28,High,776,0.1392,0.0273,0.0265
1158,20240111,Corn,Monoculture,2,4,28,High,776,0.1879,0.028,0.03
1159,20240111,Corn,Monoculture,2,4,28,High,776,0.1326,0.0268,0.0369
1160,20240111,Corn,Monoculture,2,4,28,High,776,0.1092,0.0258,0.0411
1161,20240111,Corn,Monoculture,3,4,28,High,772,0.0532,0.0261,0.0347
1162,20240111,Corn,Monoculture,3,4,28,High,772,0.1195,0.0244,0.0194
1163,20240111,Corn,Monoculture,3,4,28,High,772,0.0928,0.0285,0.0202
1164,20240111,Corn,Monoculture,3,4,28,High,772,0.1623,0.0344,0.0261
1165,20240111,Corn,Monoculture,3,4,28,High,772,0.089,0.0278,0.0288
1166,20240111,Corn,Monoculture,3,4,28,High,772,0.0554,0.028,0.0308
1167,20240111,Corn,Monoculture,3,4,28,High,772,0.1225,0.0335,0.0385
1168,20240111,Corn,Monoculture,3,4,28,High,772,0.0602,0.0309,0.0327
1169,20240111,Corn,Monoculture,3,4,28,High,772,0.1414,0.0195,0.027
1170,20240111,Corn,Monoculture,3,4,28,High,772,0.1198,0.0182,0.0169
1441,20240118,Corn,Monoculture,1,5,35,Low,133,0.1661,0.0171,0.0326
1442,20240118,Corn,Monoculture,1,5,35,Low,133,0.1384,0.0238,0.0273
1443,20240118,Corn,Monoculture,1,5,35,Low,133,0.1254,0.0208,0.0244
1444,20240118,Corn,Monoculture,1,5,35,Low,133,0.1059,0.0291,0.0459
1445,20240118,Corn,Monoculture,1,5,35,Low,133,0.1125,0.0269,0.0335
1446,20240118,Corn,Monoculture,1,5,35,Low,133,0.1983,0.0211,0.0234
1447,20240118,Corn,Monoculture,1,5,35,Low,133,0.0867,0.0223,0.0458
1448,20240118,Corn,Monoculture,1,5,35,Low,133,0.128,0.0238,0.0357
1449,20240118,Corn,Monoculture,1,5,35,Low,133,0.1147,0.0191,0.0321
1450,20240118,Corn,Monoculture,1,5,35,Low,133,0.1102,0.0261,0.0319
1451,20240118,Corn,Monoculture,2,5,35,Low,137,0.1226,0.0301,0.0273
1452,20240118,Corn,Monoculture,2,5,35,Low,137,0.107,0.0272,0.0405
1453,20240118,Corn,Monoculture,2,5,35,Low,137,0.1438,0.0271,0.0311
1454,20240118,Corn,Monoculture,2,5,35,Low,137,0.1241,0.0157,0.0208
1455,20240118,Corn,Monoculture,2,5,35,Low,137,0.0958,0.0173,0.0228
1456,20240118,Corn,Monoculture,2,5,35,Low,137,0.1334,0.0174,0.0305
1457,20240118,Corn,Monoculture,2,5,35,Low,137,0.1442,0.0179,0.0252
1458,20240118,Corn,Monoculture,2,5,35,Low,137,0.1058,0.0337,0.0191
1459,20240118,Corn,Monoculture,2,5,35,Low,137,0.1253,0.0247,0.0472
1460,20240118,Corn,Monoculture,2,5,35,Low,137,0.102,0.0267,0.041
1461,20240118,Corn,Monoculture,3,5,35,Low,136,0.1055,0.0247,0.0358
1462,20240118,Corn,Monoculture,3,5,35,Low,136,0.0934,0.0245,0.0416
1463,20240118,Corn,Monoculture,3,5,35,Low,136,0.11,0.0292,0.0512
1464,20240118,Corn,Monoculture,3,5,35,Low,136,0.0862,0.0222,0.0269
1465,20240118,Corn,Monoculture,3,5,35,Low,136,0.1263,0.0243,0.0341
1466,20240118,Corn,Monoculture,3,5,35,Low,136,0.1326,0.033,0.0465
1467,20240118,Corn,Monoculture,3,5,35,Low,136,0.1172,0.0216,0.0347
1468,20240118,Corn,Monoculture,3,5,35,Low,136,0.1148,0.0268,0.0378
1469,20240118,Corn,Monoculture,3,5,35,Low,136,0.0905,0.0207,0.0364
1470,20240118,Corn,Monoculture,3,5,35,Low,136,0.0889,0.0254,0.0282
1471,20240118,Corn,Monoculture,1,5,35,Middle,318,0.1773,0.0277,0.0372
1472,20240118,Corn,Monoculture,1,5,35,Middle,318,0.1169,0.0252,0.0431
1473,20240118,Corn,Monoculture,1,5,35,Middle,318,0.1239,0.0298,0.0352
1474,20240118,Corn,Monoculture,1,5,35,Middle,318,0.1357,0.0287,0.0455
1475,20240118,Corn,Monoculture,1,5,35,Middle,318,0.2055,0.0403,0.039
1476,20240118,Corn,Monoculture,1,5,35,Middle,318,0.1389,0.0166,0.0214
1477,20240118,Corn,Monoculture,1,5,35,Middle,318,0.1254,0.0257,0.0266
1478,20240118,Corn,Monoculture,1,5,35,Middle,318,0.1287,0.0229,0.0301
1479,20240118,Corn,Monoculture,1,5,35,Middle,318,0.0874,0.0143,0.018
1480,20240118,Corn,Monoculture,1,5,35,Middle,318,0.1502,0.023,0.0316
1481,20240118,Corn,Monoculture,2,5,35,Middle,314,0.1444,0.0152,0.0201
1482,20240118,Corn,Monoculture,2,5,35,Middle,314,0.1499,0.025,0.0299
1483,20240118,Corn,Monoculture,2,5,35,Middle,314,0.137,0.0236,0.0315
1484,20240118,Corn,Monoculture,2,5,35,Middle,314,0.0986,0.02,0.0263
1485,20240118,Corn,Monoculture,2,5,35,Middle,314,0.2936,0.0125,0.0194
1486,20240118,Corn,Monoculture,2,5,35,Middle,314,0.1374,0.019,0.0291
1487,20240118,Corn,Monoculture,2,5,35,Middle,314,0.1521,0.0147,0.018
1488,20240118,Corn,Monoculture,2,5,35,Middle,314,0.0733,0.0171,0.0207
1489,20240118,Corn,Monoculture,2,5,35,Middle,314,0.1795,0.0202,0.0292
1490,20240118,Corn,Monoculture,2,5,35,Middle,314,0.1708,0.0338,0.0519
1491,20240118,Corn,Monoculture,3,5,35,Middle,317,0.0954,0.0181,0.0137
1492,20240118,Corn,Monoculture,3,5,35,Middle,317,0.1185,0.0222,0.0343
1493,20240118,Corn,Monoculture,3,5,35,Middle,317,0.1165,0.0245,0.039
1494,20240118,Corn,Monoculture,3,5,35,Middle,317,0.1358,0.029,0.0357
1495,20240118,Corn,Monoculture,3,5,35,Middle,317,0.1273,0.0234,0.0384
1496,20240118,Corn,Monoculture,3,5,35,Middle,317,0.0469,0.0229,0.0292
1497,20240118,Corn,Monoculture,3,5,35,Middle,317,0.1294,0.0309,0.0421
1498,20240118,Corn,Monoculture,3,5,35,Middle,317,0.0989,0.0304,0.02
1499,20240118,Corn,Monoculture,3,5,35,Middle,317,0.1027,0.0294,0.0397
1500,20240118,Corn,Monoculture,3,5,35,Middle,317,0.1046,0.0216,0.0302
1501,20240118,Corn,Monoculture,1,5,35,High,760,0.1426,0.0297,0.0494
1502,20240118,Corn,Monoculture,1,5,35,High,760,0.0591,0.0161,0.0197
1503,20240118,Corn,Monoculture,1,5,35,High,760,0.058,0.0304,0.0399
1504,20240118,Corn,Monoculture,1,5,35,High,760,0.1101,0.0218,0.0312
1505,20240118,Corn,Monoculture,1,5,35,High,760,0.1562,0.0285,0.0449
1506,20240118,Corn,Monoculture,1,5,35,High,760,0.0732,0.0208,0.0235
1507,20240118,Corn,Monoculture,1,5,35,High,760,0.104,0.0312,0.0471
1508,20240118,Corn,Monoculture,1,5,35,High,760,0.1424,0.0223,0.0393
1509,20240118,Corn,Monoculture,1,5,35,High,760,0.1949,0.0263,0.0335
1510,20240118,Corn,Monoculture,1,5,35,High,760,0.1155,0.0262,0.0388
1511,20240118,Corn,Monoculture,2,5,35,High,762,0.0639,0.0175,0.0297
1512,20240118,Corn,Monoculture,2,5,35,High,762,0.1623,0.0259,0.0284
1513,20240118,Corn,Monoculture,2,5,35,High,762,0.0742,0.0285,0.0301
1514,20240118,Corn,Monoculture,2,5,35,High,762,0.1142,0.0256,0.0325
1515,20240118,Corn,Monoculture,2,5,35,High,762,0.0618,0.0313,0.0526
1516,20240118,Corn,Monoculture,2,5,35,High,762,0.0141,0.0335,0.0453
1517,20240118,Corn,Monoculture,2,5,35,High,762,0.1099,0.0335,0.0418
1518,20240118,Corn,Monoculture,2,5,35,High,762,0.093,0.0282,0.0491
1519,20240118,Corn,Monoculture,2,5,35,High,762,0.0928,0.0222,0.0298
1520,20240118,Corn,Monoculture,2,5,35,High,762,0.0843,0.0255,0.0288
1521,20240118,Corn,Monoculture,3,5,35,High,761,0.1347,0.0227,0.0309
1522,20240118,Corn,Monoculture,3,5,35,High,761,0.0626,0.0306,0.0325
1523,20240118,Corn,Monoculture,3,5,35,High,761,0.1389,0.0221,0.0254
1524,20240118,Corn,Monoculture,3,5,35,High,761,0.1392,0.0158,0.024
1525,20240118,Corn,Monoculture,3,5,35,High,761,0.1432,0.0313,0.0241
1526,20240118,Corn,Monoculture,3,5,35,High,761,0.0908,0.0312,0.0342
1527,20240118,Corn,Monoculture,3,5,35,High,761,0.0171,0.0406,0.0278
1528,20240118,Corn,Monoculture,3,5,35,High,761,0.0996,0.0236,0.0259
1529,20240118,Corn,Monoculture,3,5,35,High,761,0.0453,0.0275,0.0195
1530,20240118,Corn,Monoculture,3,5,35,High,761,0.1562,0.0273,0.0283
1801,20240125,Corn,Monoculture,1,6,42,Low,121,0.1038,0.0293,0.0266
1802,20240125,Corn,Monoculture,1,6,42,Low,121,0.1042,0.0384,0.0525
1803,20240125,Corn,Monoculture,1,6,42,Low,121,0.1178,0.0247,0.046
1804,20240125,Corn,Monoculture,1,6,42,Low,121,0.105,0.0329,0.0522
1805,20240125,Corn,Monoculture,1,6,42,Low,121,0.107,0.0237,0.0344
1806,20240125,Corn,Monoculture,1,6,42,Low,121,0.134,0.0385,0.0776
1807,20240125,Corn,Monoculture,1,6,42,Low,121,0.087,0.0224,0.0418
1808,20240125,Corn,Monoculture,1,6,42,Low,121,0.096,0.0257,0.047
1809,20240125,Corn,Monoculture,1,6,42,Low,121,0.0911,0.0298,0.0518
1810,20240125,Corn,Monoculture,1,6,42,Low,121,0.1312,0.0356,0.0513
1811,20240125,Corn,Monoculture,2,6,42,Low,126,0.0972,0.0473,0.0514
1812,20240125,Corn,Monoculture,2,6,42,Low,126,0.0531,0.0462,0.0522
1813,20240125,Corn,Monoculture,2,6,42,Low,126,0.099,0.0243,0.0322
1814,20240125,Corn,Monoculture,2,6,42,Low,126,0.101,0.0316,0.0466
1815,20240125,Corn,Monoculture,2,6,42,Low,126,0.1377,0.0327,0.0685
1816,20240125,Corn,Monoculture,2,6,42,Low,126,0.044,0.0314,0.0427
1817,20240125,Corn,Monoculture,2,6,42,Low,126,0.08,0.0256,0.0484
1818,20240125,Corn,Monoculture,2,6,42,Low,126,0.0918,0.0215,0.0472
1819,20240125,Corn,Monoculture,2,6,42,Low,126,0.0995,0.0426,0.0562
1820,20240125,Corn,Monoculture,2,6,42,Low,126,0.1185,0.0304,0.0528
1821,20240125,Corn,Monoculture,3,6,42,Low,121,0.0675,0.028,0.038
1822,20240125,Corn,Monoculture,3,6,42,Low,121,0.0872,0.0315,0.0651
1823,20240125,Corn,Monoculture,3,6,42,Low,121,0.0747,0.0241,0.0482
1824,20240125,Corn,Monoculture,3,6,42,Low,121,0.0688,0.0265,0.0521
1825,20240125,Corn,Monoculture,3,6,42,Low,121,0.0704,0.024,0.051
1826,20240125,Corn,Monoculture,3,6,42,Low,121,0.1016,0.0373,0.0691
1827,20240125,Corn,Monoculture,3,6,42,Low,121,0.1566,0.0237,0.0454
1828,20240125,Corn,Monoculture,3,6,42,Low,121,0.1213,0.0224,0.0343
1829,20240125,Corn,Monoculture,3,6,42,Low,121,0.0321,0.0288,0.0571
1830,20240125,Corn,Monoculture,3,6,42,Low,121,0.089,0.0233,0.0384
1831,20240125,Corn,Monoculture,1,6,42,Middle,308,0.1437,0.0399,0.0513
1832,20240125,Corn,Monoculture,1,6,42,Middle,308,0.127,0.0293,0.0449
1833,20240125,Corn,Monoculture,1,6,42,Middle,308,0.0678,0.0202,0.0295
1834,20240125,Corn,Monoculture,1,6,42,Middle,308,0.1152,0.0241,0.0407
1835,20240125,Corn,Monoculture,1,6,42,Middle,308,0.124,0.0237,0.0354
1836,20240125,Corn,Monoculture,1,6,42,Middle,308,0.1281,0.0234,0.0391
1837,20240125,Corn,Monoculture,1,6,42,Middle,308,0.1324,0.0261,0.0422
1838,20240125,Corn,Monoculture,1,6,42,Middle,308,0.1302,0.0274,0.0229
1839,20240125,Corn,Monoculture,1,6,42,Middle,308,0.1126,0.0246,0.0308
1840,20240125,Corn,Monoculture,1,6,42,Middle,308,0.1154,0.0291,0.043
1841,20240125,Corn,Monoculture,2,6,42,Middle,300,0.1026,0.0246,0.0387
1842,20240125,Corn,Monoculture,2,6,42,Middle,300,0.0818,0.0176,0.0284
1843,20240125,Corn,Monoculture,2,6,42,Middle,300,0.1251,0.0215,0.0347
1844,20240125,Corn,Monoculture,2,6,42,Middle,300,0.1712,0.0368,0.0465
1845,20240125,Corn,Monoculture,2,6,42,Middle,300,0.1562,0.0391,0.0395
1846,20240125,Corn,Monoculture,2,6,42,Middle,300,0.1106,0.0302,0.0509
1847,20240125,Corn,Monoculture,2,6,42,Middle,300,0.1448,0.0263,0.043
1848,20240125,Corn,Monoculture,2,6,42,Middle,300,0.1008,0.0174,0.0305
1849,20240125,Corn,Monoculture,2,6,42,Middle,300,0.1674,0.0238,0.0239
1850,20240125,Corn,Monoculture,2,6,42,Middle,300,0.1262,0.022,0.0315
1851,20240125,Corn,Monoculture,3,6,42,Middle,305,0.1576,0.0392,0.0575
1852,20240125,Corn,Monoculture,3,6,42,Middle,305,0.1166,0.0347,0.0486
1853,20240125,Corn,Monoculture,3,6,42,Middle,305,0.1282,0.0254,0.042
1854,20240125,Corn,Monoculture,3,6,42,Middle,305,0.1301,0.0208,0.057
1855,20240125,Corn,Monoculture,3,6,42,Middle,305,0.1214,0.0242,0.035
1856,20240125,Corn,Monoculture,3,6,42,Middle,305,0.1237,0.0269,0.043
1857,20240125,Corn,Monoculture,3,6,42,Middle,305,0.1572,0.0329,0.0537
1858,20240125,Corn,Monoculture,3,6,42,Middle,305,0.1102,0.0326,0.0419
1859,20240125,Corn,Monoculture,3,6,42,Middle,305,0.129,0.0294,0.044
1860,20240125,Corn,Monoculture,3,6,42,Middle,305,0.2104,0.0518,0.0589
1861,20240125,Corn,Monoculture,1,6,42,High,749,0.1146,0.0288,0.0392
1862,20240125,Corn,Monoculture,1,6,42,High,749,0.1205,0.0251,0.0467
1863,20240125,Corn,Monoculture,1,6,42,High,749,0.1707,0.0182,0.047
1864,20240125,Corn,Monoculture,1,6,42,High,749,0.088,0.022,0.014
1865,20240125,Corn,Monoculture,1,6,42,High,749,0.089,0.0213,0.0299
1866,20240125,Corn,Monoculture,1,6,42,High,749,0.2589,0.0209,0.0334
1867,20240125,Corn,Monoculture,1,6,42,High,749,0.1849,0.0262,0.0412
1868,20240125,Corn,Monoculture,1,6,42,High,749,0.1675,0.0388,0.059
1869,20240125,Corn,Monoculture,1,6,42,High,749,0.1106,0.0306,0.0391
1870,20240125,Corn,Monoculture,1,6,42,High,749,0.0885,0.0291,0.0458
1871,20240125,Corn,Monoculture,2,6,42,High,749,0.1094,0.0381,0.031
1872,20240125,Corn,Monoculture,2,6,42,High,749,0.0736,0.0197,0.0349
1873,20240125,Corn,Monoculture,2,6,42,High,749,0.1002,0.024,0.0222
1874,20240125,Corn,Monoculture,2,6,42,High,749,0.0828,0.021,0.0221
1875,20240125,Corn,Monoculture,2,6,42,High,749,0.0397,0.0216,0.0352
1876,20240125,Corn,Monoculture,2,6,42,High,749,0.1532,0.0282,0.0307
1877,20240125,Corn,Monoculture,2,6,42,High,749,0.1572,0.0181,0.0338
1878,20240125,Corn,Monoculture,2,6,42,High,749,0.1282,0.0197,0.0326
1879,20240125,Corn,Monoculture,2,6,42,High,749,0.1476,0.013,0.0133
1880,20240125,Corn,Monoculture,2,6,42,High,749,0.0906,0.0274,0.036
1881,20240125,Corn,Monoculture,3,6,42,High,748,0.1123,0.0244,0.0303
1882,20240125,Corn,Monoculture,3,6,42,High,748,0.0865,0.0232,0.0363
1883,20240125,Corn,Monoculture,3,6,42,High,748,0.12,0.0331,0.0276
1884,20240125,Corn,Monoculture,3,6,42,High,748,0.1325,0.0264,0.0454
1885,20240125,Corn,Monoculture,3,6,42,High,748,0.0794,0.0238,0.0322
1886,20240125,Corn,Monoculture,3,6,42,High,748,0.124,0.028,0.0447
1887,20240125,Corn,Monoculture,3,6,42,High,748,0.1446,0.0311,0.053
1888,20240125,Corn,Monoculture,3,6,42,High,748,0.192,0.0327,0.0418
1889,20240125,Corn,Monoculture,3,6,42,High,748,0.124,0.0325,0.0483
1890,20240125,Corn,Monoculture,3,6,42,High,748,0.0695,0.0239,0.0301
